017cec6623be1ac901a1235a38221458,BSD-2-Clause
04424bc6f5a5be60691b9824d65c2ad8,Apache-2.0
09ece85f3c312a63b522bfc6ebd44943,BSD-3-Clause
0bdce43b16cd5c587124d6f274632c87,MIT
0dd18b0da66d7495c1854498b25ad986,BSD-3-Clause
117a75021599a6a627f538a5c4c26156,Apache-2.0
1269f40c0d099c21a871163984590d89,Apache-2.0
13cea479df204c85485b5db6eb1bc9d5,BSD-3-Clause
1694f6ca1fdc81a15c1fd408542d47e6,MPL-2.0
1bdf5d819f50f141366dabce3be1460f,BSD-2-Clause
1e8b7dc8b906737639131047a590f21d,BSD-3-Clause
2460814a2b25a7277556c2d89de915d1,BSD-3-Clause
24dad3abbe7a8f390afc8ab967bfefa7,Apache-2.0
259f3802525423b1a33efb1b85f64e18,BSD-3-Clause
2604a98416f52ae5aaceb3630431020c,BSD-3-Clause
27ef03aa2da6e424307f102e8b42621d,Apache-2.0
2925e7910462fe55fcd3a652c4cf2a2d,MPL-2.0
29f156828ca5f2df0d1c12543a75f12a,BSD-3-Clause
2ade771c7d7211af507864e8dd520529,Apache-2.0
2ba6b7bd91e16af46a856eca87db2504,BSD-3-Clause
2d6fc0e85c3f118af64c85a78d56d3cf,Apache-2.0
30899bc7061301c842b697aaa4bb0ecc,BSD-3-Clause
34400b68072d710fecd0a2940a0d1658,Apache-2.0
44714fe40638e49453cfb438ddd301f1,BSD-3-Clause
45d265a0c4de9788288c6d1dc5055083,MPL-2.0
4859e97a9c7780e77972d989f0823f28,Apache-2.0
4ac66f7dea41d8d116cb7fb28aeff2ab,BSD-3-Clause
4c728948788b1a02f33ae4e906546eef,BSD-3-Clause
4f2d8e6bee7c0a27a06df40c6220e667,BSD-3-Clause
545d3f23616dee7495323aeb0b098df3,Apache-2.0
56ba9a7139fb128d57668c048a3231dd,BSD-3-Clause
58103aa5ea1ee9b7a369c9c4a95ef9b5,BSD-2-Clause
591778525c869cdde0ab5a1bf283cd81,BSD-3-Clause
617a50fad37d002a452934970a6a8a97,BSD-3-Clause
6455b01b6f20e76eda9400c5951c7d65,Apache-2.0
652ef7590e03427663a9b9d1318a9fbb,MIT
65d26fcc2f35ea6a181ac777e42db1ea,MPL-2.0
6809686fee171a5b91c0fa6a6600ff14,Apache-2.0
68418a2b5d025376b21bcbd2d9289f22,MIT
6f275fd868aa0247702f69e646c3b325,BSD-3-Clause
714beb7325ffa89d5a68d936a3bb04e5,BSD-2-Clause
8a4d31d85177e024ae8df92c9bc2c9d3,BSD-2-Clause
9046099156f93a7f0ac340571476a58b,Apache-2.0
94d9bbe24b03be19e69b3e9e8e7521a1,BSD-3-Clause
95d4102f39f26da9b66fee5d05ac597b,BSD-3-Clause
96ae735ca1b4dcdb6b26f4ca4b8ba645,BSD-3-Clause
9740d093a080530b5c5c6573df9af45a,Apache-2.0
97442d133cf61b7ad91e38f39c5d8389,Apache-2.0
9d210c7471ce08e3db5261f33bf8fce6,BSD-3-Clause
9e40c7725e55fa8f61a69abf908e2c6f,Apache-2.0
9ebf09575297c1d970141b1562ed9f27,Apache-2.0
a20b5c468e726e81fc47c73f16622671,BSD-3-Clause
a21a066a96199e1d9d1d6c27fa0f655b,BSD-2-Clause
a250e5ac3848f2acadb5adcb9555c18b,Apache-2.0
aa2a9dc436df7ea8bd6092f04066362e,MIT
aaba05447288333a478938c7e45c0cb2,BSD-2-Clause
b32b347fe7ed4541e05033e8b0b29001,BSD-3-Clause
b48d4a6f448d246b1fe4e0600e79d0bf,ISC
b5d30dd5bc47d1b56b678ac06dead1c7,Apache-2.0
b8b79c7d4cda128290b98c6a21f9aac6,BSD-3-Clause
bb2a2f2b7222607afeac4f5a31aca701,Apache-2.0
bdc234595bc2fe370918f5de5077c8e9,BSD-3-Clause
bdfca4cb0874071cc3e42d2ae3b05a77,Apache-2.0
bffc21c92b5f3adcbbb06f8e0067e786,MPL-2.0
c30eee78985cf2584cded5f89ba3d787,BSD-3-Clause
c38914c9a7ab03bb2b96d4baaee10769,BSD-3-Clause
c4dac399c2cb8794cc72e762c9f07263,BSD-3-Clause
c510a2a01572b82d27f28fd4d02ca318,BSD-3-Clause
c7a6808207397b21163fe9167c375c09,MIT
cad2f12165769bbebe1d9235ea7dfbd6,MPL-2.0
d21d25475326cf7f1b36eef8c9789801,MIT
d3c9ea087d1f492bcd340739bcfe98a7,BSD-3-Clause
d4f134d653a61aec28549bee8cbb97d7,MIT
d53379b9dfa1d07d943d8741dc39ae1f,Apache-2.0
d8d1d59c60e60e8627fcd1c350a5c904,Apache-2.0
d8f14631a6e5da377545cfaed3b67f55,BSD-3-Clause
db7dfd3c609df968396fa379c3851eb5,MIT
dc2f3ee49116a594755b22b853cc8b6b,MPL-2.0
dcdb33474b60c38efd27356d8f2edec7,EPL-2.0
e419fb05c99af03dfdbd3be8478cbc4e,MIT
e828fb91fe88d9e5d620842cf8bd81b0,BSD-3-Clause
e848d080178fb2d08b67acc5ba80b9fd,MIT
e8aca590db3d9304f507bcd5fe4de5a0,BSD-3-Clause
e9a2ebb8de779a07500ddecca806145e,BSD-2-Clause
ecf8a8a60560c35a862a4a545f2db1b3,BSD-2-Clause
f399e127495f9783cfbe2b3b2802555f,BSD-2-Clause
f3d4ee94647102ca0f4eca56554b12be,Apache-2.0
fabff3dab4b5a6c3e29611c973dc3df9,BSD-3-Clause
ff13e03bb57bf9c52645f2f942afa28b,BSD-3-Clause
